-- phpMyAdmin SQL Dump
-- version 4.9.3
-- https://www.phpmyadmin.net/
--
-- Host: localhost:8889
-- Erstellungszeit: 06. Mrz 2020 um 12:28
-- Server-Version: 5.7.26
-- PHP-Version: 7.4.2

SET SQL_MODE = "NO_AUTO_VALUE_ON_ZERO";
SET time_zone = "+00:00";


/*!40101 SET @OLD_CHARACTER_SET_CLIENT=@@CHARACTER_SET_CLIENT */;
/*!40101 SET @OLD_CHARACTER_SET_RESULTS=@@CHARACTER_SET_RESULTS */;
/*!40101 SET @OLD_COLLATION_CONNECTION=@@COLLATION_CONNECTION */;
/*!40101 SET NAMES utf8mb4 */;

--
-- Datenbank: `speiseplan`
--
CREATE DATABASE IF NOT EXISTS `speiseplan` DEFAULT CHARACTER SET utf8mb4 COLLATE utf8mb4_general_ci;
USE `speiseplan`;

-- --------------------------------------------------------

--
-- Stellvertreter-Struktur des Views `alle_gerichte`
-- (Siehe unten für die tatsächliche Ansicht)
--
CREATE TABLE `alle_gerichte` (
`m_id` int(50) unsigned
,`Monat` varchar(50)
,`d_id` int(10) unsigned
,`Woche` varchar(50)
,`gid` int(11) unsigned
,`Gericht` varchar(150)
,`bild` varchar(150)
,`zubereitungszeit` int(10) unsigned
,`zutaten` text
,`beschreibung` text
);

-- --------------------------------------------------------

--
-- Tabellenstruktur für Tabelle `datum`
--

CREATE TABLE `datum` (
  `d_id` int(10) UNSIGNED NOT NULL,
  `datum` varchar(50) NOT NULL,
  `monat_id` int(50) UNSIGNED NOT NULL
) ENGINE=InnoDB DEFAULT CHARSET=utf8mb4;

--
-- Daten für Tabelle `datum`
--

INSERT INTO `datum` (`d_id`, `datum`, `monat_id`) VALUES
(1, '31.12-05. 01', 1),
(2, '06-12.01', 1),
(3, '13-19.01', 1),
(4, '20-26.01', 1),
(5, '27.01-02.02', 1),
(6, '03.02-09.02', 2),
(7, '10.02-16.02', 2),
(8, '17.02-23.02', 2),
(9, '24.02-01.03', 2),
(10, '02.03-08.03', 3),
(11, '09.03-15.03', 3),
(12, '16.03-22.03', 3),
(13, '23.03-29.03', 3),
(14, '30.03-05.04', 4),
(15, '06.04-12.04', 4),
(16, '13.04-19.04.', 4),
(17, '20.04-26.04', 4),
(18, '27.04-03.05', 4),
(19, '04.05-10.05', 5),
(20, '11.05-17.05', 5),
(21, '18.05-24.05', 5),
(22, '25.05-31.05', 5),
(23, '01.06-07.06', 6),
(24, '08.06-14.06', 6),
(25, '15.06-21.06', 6),
(26, '22.06-28.06', 6),
(27, '29.06-05.07', 7),
(28, '06.07-12.07', 7),
(29, '13.07-19.07', 7),
(30, '20.07-26.07', 7),
(31, '27.07-02.08', 7),
(32, '03.08-09.08', 8),
(33, '10.08-16.08', 8),
(34, '17.08-23.08', 8),
(35, '24.08-30.08', 8),
(36, '31.08-06.09', 9),
(37, '07.09-13.09', 9),
(38, '14.09-20.09', 9),
(39, '21.09-27.09', 9),
(40, '28.09-04.10', 9),
(41, '05.10-11.10', 10),
(42, '12.10-18.10', 10),
(43, '19.10-25.10', 10),
(44, '26.10-01.11', 10),
(45, '02.11-08.11', 11),
(46, '09.11-15.11', 11),
(47, '16.11-22.11', 11),
(48, '23.11-29.11', 11),
(49, '30.11-6.12', 12),
(50, '07.12-13.12', 12),
(51, '14.12-20.12', 12),
(52, '21.12-27.12', 12),
(53, '28.12-03.01', 12);

-- --------------------------------------------------------

--
-- Tabellenstruktur für Tabelle `gericht`
--

CREATE TABLE `gericht` (
  `gid` int(11) UNSIGNED NOT NULL,
  `datum_id` int(11) UNSIGNED NOT NULL,
  `monat_id` int(50) NOT NULL,
  `gericht_name` varchar(150) NOT NULL,
  `bild` varchar(150) DEFAULT NULL,
  `zubereitungszeit` int(10) UNSIGNED DEFAULT NULL,
  `zutaten` text,
  `beschreibung` text,
  `freigabe` tinyint(1) DEFAULT NULL
) ENGINE=InnoDB DEFAULT CHARSET=utf8mb4;

--
-- Daten für Tabelle `gericht`
--

INSERT INTO `gericht` (`gid`, `datum_id`, `monat_id`, `gericht_name`, `bild`, `zubereitungszeit`, `zutaten`, `beschreibung`, `freigabe`) VALUES
(2, 1, 1, 'Ravioli vom Blech', 'ravioli-vom-blech.jpg', 25, '3  Möhren,\r\n2  rote Paprikaschoten,\r\n2  Knoblauchzehen, \r\n50 g getrocknete Softtomaten, \r\n3 Pck. (à 250 g) Ravioli (z. B. mit Tomate-Mozzarella-Füllung), \r\n4 EL Öl (z. B. „Basilico“ von Mazola),\r\n200 ml Tomatensaft,\r\n1 TL Gemüsebrühe (instant),\r\nSalz, Pfeffer,\r\n2 EL Balsamico-Essig,\r\n75 g Rucola,\r\n4  Lauchzwiebeln,\r\n50 g Parmesan (Stück)', 'Backofen vorheizen (E-Herd: 200 °C/Umluft: 180 °C/Gas: s. Hersteller). Möhren schälen, waschen und in dünne Scheiben schneiden. Paprika putzen, waschen und in grobe Stücke schneiden. Knoblauch schälen und in dünne Scheiben schneiden. Softtomaten grob in Stücke schneiden.\r\n\r\nVorbereitetes Gemüse, Softtomaten, Knoblauch, Ravioli und Öl auf einem Backblech mischen, gleichmäßig verteilen. Im heißen Backofen 18–20 Minuten backen.\r\n\r\n1⁄4 l Wasser und Tomatensaft aufkochen, Brühe einrühren. Mit Salz, Pfeffer und Essig würzen. Nach ca. 5 Minuten Tomatenbrühe über die Nudeln verteilen. Ravioli zu Ende garen, dabei zwischendurch noch ein- bis zweimal durchrühren.\r\n\r\nRucola waschen und trocken schütteln. Lauchzwiebeln waschen, putzen und in Ringe schneiden. Parmesan grob raspeln und alles zusammen über die fertigen Ravioli streuen.', NULL),
(3, 1, 1, 'Entspannte Frittata mit Spinat und Erbsen', 'entspannte-frittata-mit-spinat-und-erbsen.jpg', 40, '200 g TK-Erbsen,\r\nSalz, Muskat, Pfeffer,\r\n50 g junger Blattspinat,\r\n1 Bund Lauchzwiebeln,\r\n8  Eier (Gr. M),\r\n150 g Babysalatmix,\r\n1 Bund Radieschen,\r\n5 EL Öl,\r\n200 g Doppelrahmfrischkäse,\r\n3 EL heller Balsamico-Essig,\r\n1 TL flüssiger Honig ', 'Für die Frittata Erbsen in kochendem Salzwasser 1–2 Minuten blanchieren. Abgießen, kalt abschrecken und abtropfen lassen. Spinat verlesen, waschen und trocken schütteln. Lauchzwiebeln putzen, waschen und in breite Stücke schneiden. Eier verquirlen und mit Salz und Muskat würzen.\r\n\r\nFür den Salat Salatmix verlesen, waschen und trocken schütteln. Radieschen putzen, waschen und in grobe Stifte schneiden.\r\n\r\n2 EL Öl in einer ofenfesten Pfanne erhitzen. Lauchzwiebeln darin andünsten. Erbsen, Spinat und Eier zugeben und verrühren. Frischkäse in Klecksen in die Eiermasse verteilen. Zugedeckt bei schwacher Hitze ca. 10 Minuten stocken lassen. Dann unter dem Backofengrill ca. 3 Minuten goldbraun übergrillen.\r\n\r\nInzwischen für die Vinaigrette Essig, Salz, Pfeffer und Honig verquirlen. 3 EL Öl darunterschlagen. Salat und Radieschen mit der Vinaigrette mischen. Zur Frittata reichen.', NULL),
(4, 1, 1, 'Kartoffel-Tarte', 'kartoffel-tarte.jpg', 15, '2-4 EL Öl,\r\n2 Packung (650 g) Baked Potatoes mit Sour Cream,\r\n200 g Röstpaprika (Glas),\r\n6  Eier,\r\nSalz, Pfeffer,\r\n200 g Camembert,\r\n2  Salatgurke,\r\n2 kleines Bund Dill', 'Für die Tarte Backofen vorheizen (E-Herd: 250 °C/Umluft: 230 °C/Gas: s. Hersteller). 1–2 EL Öl in einer großen ofenfesten Pfanne erhitzen. Kartoffeln pellen, in Scheiben schneiden und in der Pfanne ­unter Wenden anbraten.\r\n\r\nPaprika abtropfen lassen, grob hacken, zugeben. Die Eier verquirlen, kräftig mit Salz und Pfeffer würzen und in die Pfanne gießen. Käse in Scheiben schneiden, auf den Kartoffeln verteilen. Im vorgeheizten Ofen ca. 10 Minuten backen.\r\n\r\nFür den Salat inzwischen Gurke waschen, der Länge nach vierteln und in Stücke schneiden. Dill waschen, trocken schütteln und abzupfen. Sour Creme (aus der Kartoffelpackung), Gurke und Dill mischen, evtl. mit Salz und Pfeffer würzen. Die Tarte aus dem Ofen nehmen, aus der Pfanne stürzen und mit dem Gurken­salat anrichten.', NULL),
(5, 1, 1, 'Süßkartoffel-Auflauf mit Feta und Pinienkernen', 'suesskartoffel-auflauf-feta.jpg', 60, '1,2 kg Süßkartoffeln,\r\n1/2 Bund Thymian,\r\n4 EL Olivenöl,\r\nSalz, Pfeffer,\r\n1 Dose(n) (à 400 ml) Kirschtomaten,\r\n200 g Fetakäse,\r\n60 g Pinienkerne,\r\nPfeffer ', 'Süßkartoffeln schälen, längs halbieren und in dicke Scheiben schneiden. Thymian waschen und trocken schütteln. Blättchen von den Stielen zupfen. Öl, Salz, Pfeffer und Thymianblättchen verrühren. Kartoffelscheiben mit dem Würzöl mischen. In eine Auflaufform geben. Im vorgeheizten Backofen (E-Herd: 200 °C/ Umluft: 175 °C/ Gas: s. Hersteller) ca. 20 Minuten backen.\r\n\r\nSüßkartoffeln aus dem Ofen nehmen. Tomaten darübergeben. Feta darüberbröseln. Pinienkerne darüberstreuen. Im heißem Backofen (E-Herd: 200 °C/ Umluft: 175 °C/ Gas: s. Hersteller) weitere 10–15 Minuten backen. Auflauf aus dem Ofen nehmen. Mit grobem Pfeffer bestreuen und anrichten.', NULL),
(6, 1, 1, 'Ofenpfannkuchen mit Gemüse & Feta', 'ofenpfannkuchen.jpg', 30, '1 EL Öl,\r\n2  große Möhren,\r\n1  rote Paprikaschote,\r\n1 Bund Lauchzwiebeln,\r\n200 g Feta,\r\n125 g Mehl,\r\n1 TL Backpulver,\r\n5  Eier (Gr. M),\r\n1⁄8 l Milch,\r\n75 ml Mineralwasser mit Kohlensäure,\r\n1 Bund Petersilie und Schnittlauch,\r\n400 g Schmand,\r\nSalz, Pfeffer, Backpapier ', 'Backblech mit Backpapier auslegen und mit Öl beträufeln. In den Backofen schieben und vorheizen (E-Herd: 200 °C/Umluft: 175 °C/Gas: s. Hersteller). Möhren und Paprika schälen bzw. putzen, waschen und in feine Streifen schneiden. Lauchzwiebeln putzen, waschen und in Ringe schneiden. Feta zerbröckeln.\r\n\r\nFür den Teig Mehl, Back­pulver, Eier, Milch, Mineralwasser und ca. 1⁄2 TL Salz zu ­einem glatten Teig verrühren. Gleichmäßig auf das heiße Backblech gießen. Mit Ge­müse und Feta bestreuen und im heißen Ofen ca. 20 Minuten backen.\r\n\r\nInzwischen Kräuter waschen, trocken schütteln und fein schneiden. Mit Schmand verrühren und mit Salz und Pfeffer abschmecken.\r\n\r\nPfannkuchen samt Back­papier vom Blech ziehen. Von der langen Seite her aufrollen und in Stücke schneiden. Mit dem Kräuterschmand servieren.', NULL),
(7, 1, 1, 'Spinat-Shakshuka mit Spätzle', 'spinat-shakshuka-mit-spaetzle.jpg', 30, '2  Zwiebel,\r\n2  Knoblauchzehe,\r\n4  große Strauchtomaten,\r\n2 EL Öl,\r\n800 g frische Spätzle (Kühlregal),\r\n400 g junger Spinat,\r\nSalz, Pfeffer, Muskat,\r\n10 EL Gemüsebrühe,\r\n10 EL trockener Weißwein,\r\n4  Eier (Gr. M),\r\n160 g Emmentaler (geraspelt),\r\n4 EL Röstzwiebeln,', 'Zwiebel und Knoblauch schälen, beides fein würfeln. Tomaten waschen, jeweils einen Deckel abschneiden und mit einem Esslöffel aushöhlen. Deckel und ausgehöhltes Fruchtfleisch klein schneiden.\r\n\r\nÖl in einer großen Pfanne erhitzen. Spätzle darin unter Wenden anbraten. Zwiebel und Knoblauch kurz mitbraten. Spinat, bis auf einige Blätter zum Bestreuen, und Tomatenstückchen unterrühren. Zugedeckt ca. 2 Minuten garen. Mit Salz, Pfeffer und Muskat würzen.\r\n\r\nBrühe und Wein in die Pfanne geben. Ausgehöhlte Tomaten mit der Öffnung nach oben in die Spinatspätzle setzen. Eier nacheinander vorsichtig aufschlagen und in die Tomaten gleiten lassen.\r\n\r\nSpätzlepfanne mit Käse bestreuen und zugedeckt ca. 7 Minuten garen, bis die Eier gestockt sind. Rest Spinat und Röstzwiebeln darüberstreuen.', NULL),
(8, 1, 1, 'Quinoa-Tomatensuppe', 'quinoa-tomatensuppe.jpg', 40, '1/2 Bund Basilikum,\r\n40 g Parmesan (Stück),\r\n150 g Quinoa (z.B. bunte),\r\n3  Knoblauchzehen,\r\n1  Zwiebel,\r\n250 g Kirschtomaten,\r\n2 EL Oliven,\r\n700 g passierte Tomaten (z.B. Flasche),\r\n100 ml Orangensaft,\r\n150 g Schlagsahne,\r\n Zucker,\r\n Chilipulver,\r\n Salz, Pfeffer,\r\n Backpapier ', 'FÜR DIE PARMESANCHIPS Backofen vorheizen (E-Herd: 200 °C/Umluft: 180 °C/Gas: s. Hersteller). Ein Backblech mit Backpapier auslegen. Basilikum waschen, trocken schütteln und Blättchen abzupfen. Käse fein reiben. Mit etwas Pfeffer mischen. Käse in esslöffelgroßen Portionen auf dem Blech verteilen. Basilikum ebenfalls auf dem Blech verteilen. Mit etwas Öl bepinseln. Im heißen Ofen 5–7 Minuten backen. Herausnehmen und auf dem Blech abkühlen lassen.\r\n\r\nFÜR DIE SUPPE Quinoa in ca. 300 ml kochendem Salzwasser nach Packungsanweisung garen. Vom Herd nehmen und ca. 15 Minuten ziehen lassen. Inzwischen Knoblauch schälen, fein hacken. Zwiebel schälen und fein würfeln. Kirschtomaten waschen und halbieren.\r\n\r\nÖl in einem Topf erhitzen. Zwiebel, Knoblauch, 1 EL Zucker und 1 TL Chilipulver ca. 1 Minute anschwitzen. Kirschtomaten zugeben und unter Rühren ca. 1 Minute weiterdünsten. Mit passierten Tomaten, 200 ml Wasser und Orangensaft ablöschen. Alles aufkochen und ca. 10 Minuten einköcheln lassen.\r\n\r\nSahne einrühren und ca. 2 Minuten weiterköcheln. Suppe mit dem Stabmixer glatt pürieren. Mit Salz, Pfeffer und Zucker abschmecken. Suppe mit Quinoa in Schalen anrichten. Parmesanchips und knusprige Basilikumblätter darauf verteilen.', NULL),
(9, 2, 1, 'Orientalische Falafel Bowl', 'orientalische-falafel-bowl.jpg', 60, '400 g Rotkohl,\r\n2 EL Essig,\r\n2 EL Olivenöl,\r\n1  Römerherz,\r\n3  Strauchtomaten,\r\n1  Salatgurke,\r\n1 Bund Koriander,\r\n1 Bund Minze,\r\n2 Dose(n) (à 425 ml) Kichererbsen,\r\n1  mittelgroße Zwiebel,\r\n2  Knoblauchzehen,\r\n1  Eigelb (Gr. M),\r\n1 EL Paniermehl,\r\n1 EL Mehl,\r\n125 g Couscous,\r\n250 ml Gemüsebrühe,\r\n3 EL Orangensaft,\r\n500 g Vollmilchjoghurt,\r\n50 g Mandeln ohne Haut,\r\nKreuzkümmel, Pfeffer, Salz, Öl ', 'Rotkohl halbieren, putzen, waschen und in feine Streifen hobeln oder schneiden. In eine große Schüssel geben. 1 Teelöffel Salz, Essig und Olivenöl zufügen und mit den Händen kräftig durchkneten. Römerherz putzen, waschen und ebenfalls in feine Streifen schneiden. Mit dem Rotkohl vermengen.\r\n\r\nTomaten waschen, trockenreiben, vierteln Kerne rausschneiden und das Fruchtfleich würfeln. Gurke schälen, vierteln, Kerne herausschneiden und ebenfalls würfeln. Koriander und Minze von den Stielen zupfen und grob hacken. Drittel der Kräuter mit Tomaten- und Gurkenwürfeln vermengen. Mit Salz und Pfeffer würzen.\r\n\r\nKichererbsen abgießen, kurz abspülen und abtropfen lassen. Zwiebel und Knoblauch schälen und fein würfeln. Kichererbsen, Zwiebel und Knoblauch schälen und fein würfeln. Alles fein pürieren. Mit Eigelb, Paniermehl und Mehl vermengen. Mit 1 Teelöffel Salz und 1 Messerspitze Kreuzkümmel würzen und kalt stellen.\r\n\r\nInzwischen Couscous mit kochender Brühe und Orangensaft übergießen. Abgedeckt 10 Minuten quellen lassen.\r\n\r\nFrittieröl in einem hohen Topf auf ca. 180 °C erhitzen. Inzwischen Joghurt und Drittel der Kräuter verrühren Mit Salz und Pfeffer abschmecken. Aus der Falaffelmasse 40 Bällchen formen und im heißen frittierfett portionsweise goldbraun backen. Auf Küchenpapier abtropfen lassen. Restliche Kräuter mit dem Couscous vermengen. Alles zusammen anrichten. Mandeln grob hacken und darüber streuen.', NULL),
(10, 2, 1, 'Cappelletti mit Veggie-Bolo', 'capelletti-mit-veggie-bolo.jpg', 60, '1/2  Blumenkohl,\r\n250 g Champignons,\r\n2  Knoblauchzehen,\r\n3 EL Olivenöl,\r\n1 EL Tomatenmark,\r\n400 g passierte Tomaten,\r\n2 Stiel/e Oregano,\r\n500 g Cappelletti (Nudeltaschen mit Rucola-Frischkäse-Füllung; Kühlregal),\r\nSalz, Pfeffer', 'Blumenkohl waschen, putzen und grob raspeln. Pilze putzen und grob hacken. Knoblauch schälen und fein hacken. Öl in einer großen Pfanne erhitzen. Pilze, Blumenkohl und Knoblauch darin bei starker Hitze unter Wenden 3–5 Minuten anbraten.\r\n\r\n3–4 l Salzwasser (1 TL Salz pro Liter) aufkochen. Tomatenmark in die Gemüsepfanne rühren und kurz mitbraten. Passierte Tomaten unterrühren. Oregano waschen, trocken schütteln und dazugeben. Mit Salz und Pfeffer würzen. Zugedeckt ca. 5 Minuten köcheln.\r\n\r\nInzwischen Nudeltaschen ins kochende Salzwasser geben und nach Packungs­anweisung ziehen lassen. In ein Sieb abgießen und abtropfen lassen. Mit der Soße anrichten.', NULL),
(11, 2, 1, 'Blumenkohlschnitzel mit Amaranthpanade', 'blumenkohlschnitzel.jpg', 40, '200 g rote Linsen,\r\n8 EL Zitronensaft,\r\n6 EL Olivenöl,\r\n100 g Baby Spinat,\r\n2  kleine rote Zwiebeln,\r\n1  Chilischote,\r\n200 g Vollmilch Joghurt,\r\n3 EL geschälte Sesamsaat,\r\n2  mittelgroße Köpfe Blumenkohl (à ca. 700 g),\r\n2  Eier (Größe M),\r\n8 EL Sonnenblumenöl,\r\n4 EL Mehl,\r\n75 g gepuffter Amaranth,\r\nSalz, Pfeffer ', 'Linsen in 500 ml kochendem Wasser ca. 10 Minuten köcheln lassen. Abgießen, kalt abschrecken und abtropfen lassen. Zitronensaft mit Salz, Pfeffer und Zucker verquirlen. Olivenöl unterschlagen. Spinat waschen, putzen und trocken tupfen. Zwiebeln schälen und in dünne Ringe schneiden. Chili putzen, der Länge nach aufschneiden, waschen und Kerne entfernen. Schote klein schneiden. Chili, Linsen, Spinat und Vinaigrette mischen.\r\n\r\nJoghurt mit etwas Salz abschmecken. Sesam in einer beschichteten Pfanne ohne Fett goldbraun anrösten, herausnehmen. Sesam, bis auf etwas zum Garnieren, mit Joghurt verrühren. Blumenkohl putzen, waschen, abtropfen lassen und senkrecht jeweils 2 dicke Scheiben aus der Mitte schneiden, so dass der Strunk erhalten bleibt. Restlichen Blumenkohl anderweitig verarbeiten.\r\n\r\nEier in einem tiefen Teller verquirlen. 6 EL Sonnenblumenöl in einer Pfanne bei mittlerer Hitze erhitzen. Blumenkohlscheiben nacheinander in Mehl, Ei und Amaranth wenden. 2 Scheiben im Öl ca. 6 Minuten von jeder Seite braten. Fertige Scheiben warm stellen. 2 EL Öl zum Bratöl geben und restliche Blumenkohlscheiben darin ebenso braten. Salat mit Joghurt und Blumenkohlschnitzel anrichten. Mit etwas Sesam bestreuen.\r\n', NULL),
(12, 2, 1, 'Penne mit Kürbis aus dem Ofen', 'penne-mit-kuerbis-aus-dem-ofen.jpg', 40, '800 g Hokkaido-Kürbis,\r\n3  rote Zwiebeln,\r\n1  rote Paprikaschote,\r\n1  Zweig Rosmarin,\r\n200 g Ziegenfrischkäse,\r\n6 EL Schlagsahne,\r\n500 g Penne rigate,\r\n4 EL Olivenöl,\r\n1/4 (ca. 70 g) Granatapfel,\r\nÖl, Salz, Pfeffer ', 'Kürbis putzen, waschen, halbieren, Kerne entfernen und Fruchtfleisch würfeln. Zwiebeln schälen und in Spalten schneiden. Paprika putzen, waschen und würfeln. Rosmarin waschen, trocken schütteln, Nadeln von den Zweigen streifen und hacken.\r\n\r\nCa. die Hälfte Frischkäse und Sahne glatt rühren.\r\n\r\nInzwischen Nudeln in kochendem Salzwasser nach Packungsanweisung zubereiten. Nudeln und Gemüse auf einem geölten Backblech vermengen, mit Salz, Pfeffer und Rosmarin würzen. Käse-Sahne und Olivenöl darüberträufeln.\r\n\r\nÜbrigen Käse darüber zerbröckeln.\r\n\r\nIm vorgeheizten Backofen (E-Herd: 200 °C/ Umluft: 175 °C/ Gas: s. Hersteller) ca. 30 Minuten backen. Granatapfelkerne aus der Frucht lösen. Nudeln aus dem Ofen nehmen, mit Granatapfel bestreuen und anrichten.', NULL),
(13, 2, 1, 'Hirsebratlinge mit Feldsalat und Rettich', 'hirsebratlinge-mit-feldsalat-und-rettich.jpg', 40, '200 g Hirse,\r\n1  Zwiebel,\r\n1  Knoblauchzehe,\r\n150 g Rote Beten (gegart, vakuumverpackt),\r\n500 g Rettich,\r\n150 g Feldsalat,\r\n1 Bund Schnittlauch,\r\n250 g Magerquark,\r\n3 TL süßer Senf,\r\n1 EL Mehl,\r\n2 EL Walnusskerne,\r\n3 EL Öl,\r\n3 EL Apfelessig,\r\nSalz, Pfeffer ', 'Hirse abspülen. 500 ml Salzwasser aufkochen. Hirse einrühren. Bei ausgeschalteter Herdplatte ca. 15 Minuten quellen lassen. Zwiebel und Knoblauch schälen, fein würfeln. Rote Beten grob raspeln. Rettich putzen und schälen. Ca. 2⁄3 in dünne ­Scheiben schneiden, den Rest grob raspeln. Salat waschen und putzen.\r\n\r\nFür den Dip Schnittlauch waschen und in Röllchen schneiden. Quark, 1 TL Senf, geraspelten Rettich und Schnittlauch verrühren. Mit Salz und Pfeffer würzen.\r\n\r\nFür die Bratlinge Zwiebel, Knoblauch und die Rote-Bete-Raspel unter die Hirse rühren. Abkühlen lassen. Dann Mehl unter die Hirsemasse rühren. Mit Salz und Pfeffer würzen. Aus der Masse 12 flache Taler formen.\r\n\r\nWalnusskerne hacken, in einer großen beschichteten Pfanne rösten, herausnehmen. 1 EL Öl in der Pfanne erhitzen, Bratlinge darin pro Seite 3–4 Minuten braten.\r\n\r\nFür die Vinaigrette Essig, 2 TL Senf, Salz und Pfeffer verrühren. 2 EL Öl unterrühren. Feldsalat, Rettich und Walnüsse auf vier Teller verteilen. Mit der Vinaigrette beträufeln. Bratlinge daraufsetzen und den Quarkdip dazu reichen.\r\n', NULL),
(14, 2, 1, 'Zwiebelsocca mit Joghurt', 'zwiebelsocca-mit-joghurt.jpg', 40, '2 Zweige Rosmarin,\r\n175 g Kichererbsenmehl, \r\n7-8 EL Öl,\r\n2  Zwiebeln,\r\n3 Stiele Petersilie,\r\n150 g griechischer Joghurt,\r\n1 TL flüssiger Honig,\r\n30 g Parmesan (Stück),\r\nSalz, Pfeffer', 'Rosmarin waschen, Nadeln abzupfen und 2⁄3 hacken. Mit Mehl, 1 TL Salz, Pfeffer, ca. 300 ml lauwarmem Wasser und 2–3 EL Öl glatt rühren. Teig mindestens 5 Minuten quellen lassen.\r\n\r\nOfen vorheizen (E-Herd: 250 °C/Umluft: 230 °C/Gas: s. Hersteller). Zwiebeln schälen, in Spalten schneiden und in 1 EL Öl anbraten. Ein Pizzablech oder eine Auflaufform (ca. 28 cm Ø) mit 3 EL Öl im ­heißen Ofen kurz erhitzen. Teig in die Form gießen und verstreichen. Mit Zwiebeln und Rest Rosmarin bestreuen. Ca. 20 Minuten backen.\r\n\r\nPetersilie waschen, hacken. Mit Joghurt, 1 EL Öl, Honig, Salz und Pfeffer verrühren. Käse reiben, auf die fertige Socca streuen. Dip dazu reichen.', NULL),
(15, 2, 1, 'Überbackene Tortelloni mit Spinat', 'ueberbackene-tortelloni-mit-spinat.jpg', 30, ' 2  Zwiebel,\r\n2 EL Butter,\r\n2 EL Mehl,\r\n2 TL Gemüsebrühe (instant),\r\n150 g Kräuterfrischkäse,\r\n200 g junger Spinat,\r\n2 Packung (250 g; Kühltheke) Käsetortelloni,\r\n2  Fleischtomate,\r\nSalz, Pfeffer', '2-3 l Salzwasser aufkochen. Ofen vorheizen (E-Herd: 225°C/Umluft: 200°C/Gas: s. Hersteller). Zwiebel schälen, würfeln, in heißer Butter andünsten. Mehl darüberstäuben, hell anschwitzen. 1/4 l Wasser, Brühe und Käse einrühren, aufkochen.\r\n\r\nCa. 5 Minuten köcheln. Mit Salz und Pfeffer würzen.\r\n\r\nSpinat waschen. Tortelloni nach Packungsanweisung garen. Spinat in Nudelwasser zusammenfallen, abtropfen lassen. Tomate waschen, in Scheiben schneiden. Mit Tortellonimix und Soße in eine Auflaufform geben.\r\n\r\nIm Ofen 10-15 Minuten überbacken.', NULL),
(16, 3, 1, 'Bunte Linsenbowl mit gebackenem Halloumi', 'bunte-linsenbowl-mit-gebackenem-halloumi.jpg', 40, '200 g grüne Linsen,\r\n2  Schalotten,\r\n1  Knoblauchzehe,\r\n500 g Rosenkohl,\r\n4  Möhren,\r\n250 g Kirschtomaten,\r\n250 g Halloumi (Grillkäse),\r\n3 EL Öl,\r\n1 Beet Kresse,\r\n250 g griechischer Joghurt,\r\n2-3 EL Zitronensaft,\r\nSalz, Pfeffer, Curry, Muskat, Backpapier', 'Ofen vorheizen (E-Herd: 220 °C/Umluft: 200 °C/Gas: s. Hersteller). Linsen waschen, in Wasser nach Packungsanweisung kochen.\r\n\r\nInzwischen Schalotten und Knoblauch schälen, fein würfeln. Rosenkohl putzen, waschen, halbieren. Möhren schälen, waschen und in Stücke schneiden. Tomaten waschen. Halloumi in dünne Scheiben schneiden, trocken tupfen und mit 1 EL Öl bepinseln.\r\n\r\nHalloumi und Tomaten auf ein mit Backpapier belegtes Blech verteilen. Im heißen Ofen 10–12 Minuten backen. 2 EL Öl in einer großen Pfanne erhitzen. Kohl darin rundherum anbraten. Schalotten und Knoblauch kurz mitbraten. Mit 200 ml Wasser ablöschen, mit Salz, Pfeffer, Curry und Muskat würzen. Möhren zugeben. Zugedeckt ca. 6 Minuten garen.\r\n\r\nLinsen abtropfen lassen, zum Rosenkohl geben. Kresse vom Beet schneiden, mit Joghurt pürieren. Mit Salz, Pfeffer und Zitronensaft abschmecken. Alles anrichten.', NULL),
(17, 12, 0, 'Pizza Ratatouille', 'pizza-ratatouille.jpg', 30, '1  kleine Aubergine,\r\n1  kleine Zucchini,\r\n150 g Kirschtomaten (z. B. gelbe und rote),\r\n1  Zwiebel,\r\n3 EL Olivenöl,\r\n125 g Mozzarella,\r\n1 Pck. (à 400 g) Pizzateig (Kühlregal; z. B. von Tante Fanny),\r\n2-3 Stiel/e Basilikum,\r\nSalz, Pfeffer, Küchenpapier ', 'Aubergine und Zucchini waschen und in dünne Scheiben schneiden. Tomaten waschen und vierteln. Zwiebel schälen und in feine Streifen schneiden. 2 EL Öl in einer großen beschichteten Pfanne erhitzen. Aubergine und Zucchini darin por­tionsweise unter Wenden ca. 2 Minuten kräftig anbraten. Herausnehmen, auf Küchenpapier abtropfen lassen. Mit Salz und Pfeffer würzen.\r\n\r\nMozzarella würfeln. Pizzateig samt Backpapier entrollen und auf ein Backblech legen. Gemüse und Mozzarella auf dem Teig verteilen. Mit Salz und Pfeffer würzen. 1 EL Öl darüberträufeln. Im vorgeheizten Backofen (E-Herd: 250 °C/Umluft: 230 °C/Gas: s. Hersteller) ca. 10 Minuten goldbraun backen.\r\n\r\nInzwischen Basilikum waschen und Blättchen abzupfen. Pizza mit Basilikum bestreut anrichten.\r\n', NULL),
(18, 3, 1, 'Sesam-Tofu auf Blumenkohlreis', 'sesam-tofu-blumenkohlreis.jpg', 25, '1 Kopf (ca. 1 kg) Blumenkohl,\r\n500 g Tofu natur,\r\n1/2 Bund Lauchzwiebeln,\r\n1 EL Sesamsaat,\r\n1 EL schwarze Sesamsaat,\r\n2 EL Öl,\r\n2 EL Sojasoße,\r\n2 EL Austernsoße,\r\nSalz ', 'Blumenkohl putzen, in großen Röschen vom Strunk schneiden, waschen. Röschen auf einer Reibe grob reiben und in kochendem Salzwasser ca. 3 Minuten garen, abgießen und warm halten.\r\n\r\nInzwischen Tofu in Würfel schneiden. Lauchzwiebeln waschen, putzen und in feine Ringe schneiden. Beide Sesamsorten vermengen und in einer Pfanne ohne Fett ca. 2 Minuten unter Rühren anrösten, herausnehmen.\r\n\r\nÖl in einer Pfanne erhitzen, Tofu darin unter Wenden ca. 3 Minuten kräftig anbraten. Sojasoße und Austernsoße verrühren und mit Sesam und den Lauchzwiebeln zum Tofu geben und einrühren. Blumenkohl in Schalen anrichten, Tofu-Mischung darauf verteilen und anrichten.', NULL),
(19, 3, 1, 'Ofenkürbis-Spinat-Salat mit Ziegenkäse', 'ofenkuerbis-spinat-salat.jpg', 30, '1 kg Hokkaidokürbis,\r\n3 EL Pistazienkerne,\r\n4 EL Olivenöl,\r\n1 Dose(n) (425 ml) Kichererbsen,\r\n150 g Babyspinat,\r\n1 Bund Schnittlauch,\r\n1  rote Zwiebel,\r\n1  Knoblauchzehe,\r\n150 g Ziegenkäse,\r\nSalz, Pfeffer, abgeriebene Schale und Saft von 1⁄2 Bio-Zitrone ', 'Ofen vorheizen (E-Herd: 200 °C/Umluft: 175 °C/Gas: s. Hersteller). Kürbis waschen, vierteln, Kerne herauskratzen. Fruchtfleisch samt Schale würfeln. Mit Pistazien und 2 EL Öl ­mischen, mit Salz und Pfeffer würzen.\r\n\r\nAuf einem Blech im Ofen ca. 20 Minuten backen.\r\n\r\nKichererbsen abspülen. Spinat verlesen, waschen. Beides abtropfen lassen. Schnittlauch waschen, in Röllchen schneiden. Zwiebel schälen, in Streifen schneiden. Knoblauch schälen, hacken. Mit Zitronenschale, -saft, Salz und Pfeffer verrühren.\r\n\r\n2 EL Öl darunterschlagen. Mit Kürbis und vorbereiteten Salat­zutaten mischen. Käse darüberbröckeln.', NULL),
(20, 3, 1, 'Fruchtiger Bohnensalat', 'fruchtiger-bohnensalat.jpg', 40, '250 g schwarze Bohnen,\r\n150 g Couscous (instant),\r\n1  reife Mango (ca. 450 g),\r\n1  rote Paprikaschote,\r\n1  Zwiebel,\r\n2  Bio-Limetten,\r\n4 EL Olivenöl,\r\n1 Bund Koriander,\r\nWeizentortillas,\r\nSalz, Cayennepfeffer, brauner Zucker ', '200 ml Salzwasser aufkochen, Couscous unterrühren. Vom Herd nehmen und ca. 5 Minuten quellen lassen. Couscous mit einer Gabel auflockern und abkühlen lassen.\r\n\r\nMango schälen, Fruchtfleisch vom Stein und in Würfel schneiden. Paprika putzen, waschen, würfeln. Zwiebel schälen und in feine Streifen schneiden.\r\n\r\nBio-Limetten heiß waschen und abtrocknen. Schale von 1 Bio-Limette abreiben, andere Bio-Limette in Scheiben schneiden. 3 Limetten auspressen. Saft, Schale, 2 TL Zucker, Salz und Cayennepfeffer verrühren, das Öl darunterschlagen. Koriander waschen, trocken schütteln und grob hacken. Alle Zutaten mischen und anrichten. Mit Limettenscheiben garnieren. Dazu schmecken geröstete Weizentortillas.', NULL),
(21, 3, 1, 'Irischer Kartoffelstampf mit Weißkohl', 'irischer-kartoffelstampf-mit-weißkohl.jpg', 50, '750 g mehligkochende Kartoffeln,\r\n500 g Weißkohl,\r\n4  Lauchzwiebeln,\r\n75 g Créme fraîche,\r\n5 EL Öl,\r\nMuskat, Pfeffer, Salz  ', 'Kartoffeln schälen, waschen und in Salz­wasser ca. 20 Minuten kochen. Inzwischen Kohl putzen, waschen und in Streifen vom Strunk schneiden. Lauchzwiebeln putzen, waschen und in Ringe schneiden.\r\n\r\nKohl in kochendem Salzwasser ca. 3 Mi­nuten vorgaren. Abgießen und gut ab­trop­fen lassen. Kartoffeln abgießen. Mit Crème fraîche grob zerstampfen. Mit Salz und Muskat würzen.\r\n\r\n1 EL Öl in einer großen Pfanne (ca. 26 cm Ø) erhitzen. Lauchzwiebeln darin ca. 2 Minuten andünsten. Mit Salz und Pfeffer würzen. Mit Kohl zum Kartoffelstampf geben und gut mischen.\r\n\r\n2 EL Öl in der Pfanne erhitzen. Kar­toffelmasse darin zu einem Fladen andrücken. Bei mittlerer Hitze ca. 5 Minuten bräunen. Alles kurz durchrühren, erneut in Form drücken und weitere 5–10 Minuten bräunen. Fladen zum Wenden aus der Pfanne auf einen flachen Deckel gleiten lassen. 2 EL Öl in der Pfanne verteilen und den Fladen von der anderen Seite ebenfalls 5–10 Minuten bräunen.', NULL),
(22, 3, 1, 'Gelbes Blumenkohlcurry', 'gelbes-curry.jpg', 50, '1  Blumenkohl (ca. 1 kg),\r\n1  gelbe Paprikaschote,\r\n700 g kleine Kartoffeln,\r\n2  Knoblauchzehen,\r\n1 Stck. (ca. 30 g) Ingwer,\r\n1  rote Chilischote,\r\n2 EL gelbe Currypaste,\r\n1 Dose(n) (à 425 ml) ungesüßte Kokosmilch,\r\n200 g Zuckerschoten,\r\n5 Stiel/e Koriander,\r\n1  Bio-Limette,\r\n2 EL Öl, Currypulver, Kurkuma,\r\nKreuzkümmel, Salz, Pfeffer ', 'Blumenkohl putzen, waschen und in Röschen teilen. Paprika putzen, waschen und würfeln. Kartoffeln gründlich waschen und halbieren. Knoblauch schälen, fein hacken. Ingwer schälen und fein reiben. Chili putzen, längs aufschneiden, entkernen, waschen und in feine Ringe schneiden.\r\n\r\nÖl in einem Topf erhitzen. Knoblauch, Ingwer und Chili darin ca. 1 Minute andünsten. Currypaste und je 1 TL Currypulver, Kurkuma und Kreuzkümmel zugeben und kurz mitdünsten, bis es zu duften beginnt. Blumenkohl, Paprika und Kartoffeln zugeben und ebenfalls kurz mitdünsten. Mit Salz und Pfeffer würzen. Mit 1⁄4 l Wasser und Kokosmilch ablöschen, aufkochen und zugedeckt 18–20 Minuten garen. Zuckerschoten putzen, waschen und ca. 3 Minuten vor Ende der Garzeit zugeben.\r\n\r\nKoriander waschen und trocken schütteln, die Blättchen abzupfen. Limette heiß waschen, abtrocknen und in Spalten schneiden. Curry mit Salz und Pfeffer abschmecken. Mit Limette garnieren und mit Koriander bestreut servieren.', NULL),
(23, 4, 1, 'Süßkartoffel-Feta-Frikadellen mit Spinat', 'suesskartoffel-feta-frikadelle-mit-spinat.jpg', 75, '500 g Süßkartoffeln,\r\n600 g Kartoffeln,\r\n2  Zwiebeln,\r\n6 EL Öl,\r\n2–3 Stiel(e) glatte Petersilie,\r\n200 g Feta,\r\n1  Ei (Gr. M),\r\n1  Knoblauchzehe,\r\n1 (450 g) Packung,\r\n3 EL Mehl,\r\n2 EL Crème fraîche,\r\nSalz, Pfeffer, Muskat,    TK-Blattspinat', 'Für die Frikadellen Süßkartoffeln und Kartoffeln schälen, waschen und etwas kleiner schneiden. Kartoffeln zugedeckt in Salzwasser ca. 25 Minuten kochen. Süßkartoffeln ca. 15 Minuten mitgaren. Abgießen und ausdampfen lassen.\r\n\r\nDann mit einem Kartoffelstampfer grob zerstampfen. Abkühlen lassen.\r\n\r\nRote Zwiebel schälen und in dünne Ringe schneiden. In 1 EL heißem Öl andünsten. Petersilie waschen, trocken schütteln und fein hacken. Feta grob zerbröckeln. Zwiebelringe, Petersilie, Feta und Ei unter den Stampf rühren.\r\n\r\nAus der Masse ca. 8 flache Frikadellen formen.\r\n\r\nFür den Spinat Zwiebel und Knoblauch schälen. Zwiebel fein würfeln, Knoblauch fein ­hacken. 1 EL Öl im Topf erhitzen, Zwiebel und Knoblauch darin andünsten. Gefrorenen Spinat zufügen, 6–7 EL Wasser angießen, auf­kochen und zugedeckt ca. 15 Minuten köcheln.\r\n\r\nMehl auf einem Teller verteilen, die Frikadellen darin wenden. 4 EL Öl in einer großen Pfanne erhitzen. Frikadellen darin von jeder Seite 4–5 Minuten goldbraun braten. Crème fraîche in den Spinat rühren, mit Salz, Pfeffer und Muskat abschmecken.\r\n\r\nFrikadellen mit Spinat anrichten.', NULL),
(24, 4, 1, 'Indischer Gemüsereis mit Röstzwiebeln', 'indischer-gemuesereis-mit-roestzwiebeln.jpg', 40, '250 g Basmatireis ,\r\n1  kleiner Blumenkohl,\r\n4  Zwiebeln,\r\n1 Stück(e) (à ca. 3 cm) Ingwer,\r\n200 g Kartoffeln,\r\n4 EL Olivenöl,\r\n2 EL Curry,\r\n1  Zimtstange,\r\n2 EL Zucker,\r\n150 g griechischer Sahnejoghurt,\r\nSalz, Pfeffer ', 'Reis mit kaltem Wasser abspülen. Mit 300 ml Wasser bedecken und ca. 20 Minuten einweichen. Blumenkohl putzen, waschen und in Röschen teilen. Zwiebeln und Ingwer schälen und fein würfeln. Kartoffeln schälen, waschen und in ca. 2 cm große Würfel schneiden.\r\n\r\n2 EL Öl in einer Pfanne erhitzen. Ingwer und Hälfte Zwiebeln darin andünsten. Kartoffeln und Blumenkohl zufügen. Mit Salz und Pfeffer würzen. Reis samt Einweichwasser, Curry und Zimtstange zugeben. 200 ml kochendes Wasser angießen und alles ca. 10 Minuten zugedeckt köcheln.\r\n\r\nFür die Röstzwiebeln 2 EL Öl in einer Pfanne erhitzen. Restliche Zwiebeln darin kräftig anbraten. Zucker ­darüberstreuen und karamellisieren lassen. Zwiebeln über den Reis geben. Joghurt dazu reichen.\r\n\r\nIngwer erst in dünne Scheiben, dann in Streifen und schließlich in Würfel schneiden.', NULL),
(25, 4, 1, 'Gefüllte Spitzpaprika', 'gefuellte-spitzpaprika.jpg', 75, '500 g Kartoffeln,\r\n3 EL Olivenöl,\r\n75 g grüne Oliven ohne Stein,\r\n2  Tomaten,\r\n2 EL Crème fraîche,\r\n2 EL Semmelbrösel, \r\n2  Zwiebeln,\r\n1  Knoblauchzehe,\r\n1 Dose(n) (850 ml) Tomaten, \r\n4  große rote Spitzpaprika (à ca. 130 g),\r\nSalz, Pfeffer, gemahlener Kreuzkümmel,\r\ngetrockneter Oregano, Alufolie', 'Für die Füllung Kartoffeln schälen, waschen, in knapp 1 cm große Stücke schneiden. 2 EL Öl in einer Pfanne erhitzen. Kartoffeln darin bei mittlerer Hitze unter Wenden ca. 15 Minuten braten. Oliven hacken.\r\n\r\nTomaten waschen, halbieren, entkernen und würfeln (Tomatenkerne für die Soße beiseitestellen). Oliven, Tomaten, Crème fraîche und Semmelbrösel unter die Kartoffeln rühren. Mit Salz und Pfeffer abschmecken.\r\n\r\nFür die Soße Zwiebeln und Knoblauch schälen und fein würfeln. 1 EL Öl in einem Topf glasig dünsten. Tomaten mit Saft, 1 TL Kreuzkümmel und 1 TL Oregano zugeben. Ca. 10 Minuten köcheln, dabei Tomaten mit einem Kochlöffel zerdrücken.\r\n\r\nMit Salz und Pfeffer kräftig abschmecken. In eine ofenfeste Form (ca. 20 x 30 cm) geben.\r\n\r\nPaprika t-förmig einschneiden (alternativ: Paprika längs halbieren). Trennhäute und Kerne vorsichtig entfernen. Paprika waschen.\r\n\r\nBackofen vorheizen (E-Herd: 200 °C/Umluft: 175 °C/Gas: s. Hersteller). Paprika vorsichtig mit der Kartoffelmasse füllen. Mit der Öffnung nach oben auf die Tomatensoße setzen. Mit Alufolie abdecken und 25 Minuten im heißen Ofen garen.\r\n\r\nFolie entfernen und ca. 15 Minuten weitergaren', NULL),
(26, 4, 1, 'Vollkornspaghetti mit Puylinsen und gebratenen Aus', 'vollkornspaghetti-mit-puylinsen-und-gebratenen-austernpilzen.jpg', 30, '100 g Puylinsen,\r\n250 g Austernpilze,\r\n3  Schalotten,\r\n2  Knoblauchzehen,\r\n1/2 Bund Petersilie,\r\n400 g Vollkornnudeln (z. B. Spaghetti),\r\n2 EL Olivenöl,\r\n30 g Butter,\r\nSalz, Pfeffer', '3–4 l Wasser in einem großen Topf aufkochen. Linsen in einem Sieb kalt abspülen, abtropfen lassen und ca. 15 Minuten kochen.\r\n\r\nPilze putzen, gegebenenfalls waschen, trocken tupfen und in breite Streifen schneiden. Schalotten schälen und in dünne Streifen schneiden. Knoblauch schälen und fein hacken. Petersilie waschen, trocken schütteln und die Blätter abzupfen.\r\n\r\n2 TL Salz ins kochende Linsenwasser geben. Nudeln darin nach Packungsanweisung bissfest garen. Öl in einer breiten Pfanne erhitzen. Schalotten und Knoblauch darin bei mittlerer Hitze ca. 1 Minute anbraten\r\n\r\nPilze zugeben. Unter Wenden ca. 5 Minuten mitbraten. Butter zugeben und schmelzen lassen. Petersilie untermischen.\r\n\r\nLinsen und Nudeln abgießen. Mit gebratenem Pilzmix im Topf mischen. Mit Salz und Pfeffer abschmecken.', NULL),
(27, 4, 1, 'Rote-Bete-Eintopf mit Ananas und Minze', 'rote-bete-eintopf-mit-ananas-und-minze.jpg', 30, '300 g TK-Dicke-Bohnen,\r\n2  Zwiebeln,\r\n2  Knoblauchzehen,\r\n500 g Rote Beten,\r\n2 EL Öl,\r\n1 EL Gemüsebrühe,\r\n2  Gewürznelken,\r\n1  Lorbeerblatt,\r\n500 g Ananas,\r\n2  Lauchzwiebeln,\r\n3 Stiel/e Minze,\r\n1/2  Zitrone,\r\n4  Roggenbrötchen,\r\nSalz, Pfeffer, Piment ', 'Dicke Bohnen mit reichlich kochendem Wasser überbrühen, dann abschrecken. Zwiebeln schälen, halbieren und in dünne Streifen schneiden. Knoblauch schälen und fein hacken. Rote Beten waschen und schälen (Achtung, Einmalhandschuhe tragen – färben stark!). Je nach Größe halbieren oder vierteln, dann in Scheiben schneiden.\r\n\r\nÖl in einem großen Topf erhitzen. Zwiebeln, Knoblauch und Rote Beten darin andünsten. 1 l Wasser angießen, aufkochen und die Brühe einrühren. Nelken und Lorbeer zugeben. Zugedeckt ca. 30 Minuten garen.\r\n\r\nInzwischen Ananas putzen, schälen und den Strunk ­herausschneiden. Fruchtfleisch in Stücke schneiden. Lauchzwiebeln putzen, waschen und in Ringe schneiden. Minze waschen, trocken schütteln und die Blättchen abzupfen. Bohnenkerne aus der Haut drücken.\r\n\r\nBohnen zum Eintopf geben und ca. 8 Minuten weitergaren. Ananas die letzten ca. 5 Minuten mitgaren. Eintopf mit Zitronensaft, Salz, ­Pfeffer und 1 Prise Piment abschmecken. Mit Lauchzwiebeln und Minze bestreuen und anrichten. Brötchen dazu essen.', NULL),
(28, 4, 1, 'Ranchero-Pfanne mit Bohnen und Ei', 'ranchero-pfanne-mit-bohnen-und-ei.jpg', 45, '1 kg reife Tomaten,\r\n1 Bund Lauchzwiebeln,\r\n2  rote Chilischoten,\r\n2 EL Öl,\r\n1 Dose(n) (850 ml) Kidneybohnen,\r\n1  kleines Bund Petersilie,\r\n4–6  Eier (Gr. M),\r\nSalz, Zucker', 'Tomaten waschen und in grobe Stücke schneiden. Lauchzwiebeln putzen, waschen und in Ringe schneiden. Chili putzen, längs aufschneiden, entkernen, waschen und fein hacken. Öl in einer großen Pfanne mit Deckel erhitzen.\r\n\r\nZwiebeln und Chili darin andünsten. Tomaten zugeben, ca. 15 Minuten schmoren.\r\n\r\nBohnen in einem Sieb abspülen. Petersilie waschen, trocken schütteln, Blätter von den Stielen zupfen und hacken. Tomaten mit Salz, Pfeffer und 1 Prise Zucker kräftig abschmecken. Bohnen zufügen, aufkochen und kurz erwärmen.\r\n\r\n2⁄3 Petersilie einrühren.\r\n\r\nEier nacheinander aufschlagen, vorsichtig in die Pfanne auf die Tomaten geben. Halb zugedeckt bei schwacher Hitze 6–8 Minuten stocken lassen. Mit Rest ­Petersilie bestreut anrichten. Dazu schmecken Tortillafladen und Crème fraîche.', NULL),
(29, 4, 1, 'Palak Tofu', 'palak-tofu.jpg', 40, '2  Zwiebeln,\r\n2  Knoblauchzehen,\r\n1 Stück(e) (ca. 2 cm) Ingwer,\r\n1  rote Chilischote,\r\n250 g Bio-Tofu,\r\n2 EL Öl,\r\n1⁄4 TL gemahlene Gewürznelken,\r\n1 TL gemahlener Kreuzkümmel,\r\n1 TL gemahlener Koriander,\r\n1 TL Kurkuma,\r\n500 g TK-Blattspinat,\r\n1 TL Garam Masala,\r\n Salz', 'Zwiebeln, Knoblauch und Ingwer schälen. Zwiebeln und Knoblauch fein würfeln, Ingwer reiben. Chili längs einschneiden, entkernen, waschen und in dünne Ringe schneiden. Tofu in Würfel schneiden.\r\n\r\nÖl in einer Pfanne erhitzen. Tofu darin von jeder Seite 2–3 Mi­nuten anbraten, herausnehmen. Zwiebeln, Knoblauch, Ingwer, Chili, Nelken, Kreuzkümmel, Koriander und Kurkuma im heißen Bratfett unter Rühren so lange anbraten, bis es nach den Gewürzen duftet.\r\n\r\nGefrorenen Spinat und 100 ml Wasser zugeben und unterrühren. Zugedeckt bei schwacher Hitze ca. 15 Minuten garen. Mit Salz abschmecken. Tofu zum Spinat geben, darin kurz erhitzen. Garam Masala unterrühren.\r\n\r\nAnrichten. Dazu schmeckt Mango-Lassi, Chapati (dünnes indisches Fladenbrot) oder Basmatireis.', NULL),
(31, 41, 10, 'Milchreis', 'milchreis-aus-dem-schnellkochtopf.jpg', 25, 'milchreis, milch, zucker', 'einfach alles zusammen schmeißen und kochen', NULL),
(33, 4, 1, 'Black Bean Burger mit Avocado', 'Black-Bean-Burger.jpg', 20, 'Für die Black Bean Patties:\r\n1 Dose (240 g) Black Beans alternativ Kidneybohnen\r\n60 g gekochter Vollkornreis\r\n1 Knoblauchzehe\r\n1/2 Zwiebel\r\n1 mittelgroße Karotte\r\n2 El gehackte Petersilie\r\n2 Tl Leinsamen\r\n2 Tl grobe Haferflocken\r\n2 Tl Semmelbrösel\r\n1 Prise Rauchsalz\r\n1 Prise Pfeffer\r\n1 Prise Chiliflocken\r\n1/2 Tl Oregano\r\n1/2 Tl edelsüßes Paprikagewürz\r\nFür die Burger:\r\n3-4 Vollkornbrötchen\r\nTomate\r\nGurke\r\nSalat\r\nAvocado', 'Die Leinsamen mit drei Esslöffeln Wasser einige Minuten einweichen.\r\nDie schwarzen Bohnen in eine Schüssel geben und mit einer Gabel oder den Fingern grob zerdrücken.\r\nDen Reis, die Semmelbrösel und die Haferflocken unterheben.\r\nDie Karotte schälen, fein raspeln und zu der Bohnenmischung geben.\r\nDie Zwiebelhälfte schälen und würfeln. Die Knoblauchzehe kleinschneiden. In einer Pfanne einen Esslöffel Öl erhitzen und die Zwiebel und den Knoblauch darin anschwitzen.\r\nDann zusammen mit den eingeweichten Leinsamen (samt Wasser) zu der Bohnenmischung geben und alles mit Petersilie, dem Paprikagewürz, Oregano, Rauchsalz, Pfeffer und Chiliflocken würzen und gut vermengen.\r\nDie Bohnemasse zu drei großen oder vier kleineren Patties formen und von beiden Seiten gut anbraten (circa 3-4 Minuten)\r\nDie Vollkörnbrötchen mit Ketchup, BBQ-Sauce oder ähnlichem bestreichen und die Black Bean Patties mit Gurken, Tomate, Salat und Avocado servieren.', NULL),
(34, 4, 1, 'Auberginen-Auflauf mit Mozzarella', 'auberginenauflauf.jpg', 50, '750 g Auberginen,\r\n1 Zwiebel,\r\n1 Zehe Knoblauch,\r\n3 EL Olivenöl,\r\n400 g (aus der Dose) Tomaten,\r\n200 g Mozzarella,\r\n20 g frisch geriebener Parmesan,\r\nSalz\r\nfrisch gemahlener  Pfeffer\r\ngetrockneter  Oregano\r\nfrisches  Basilikum', 'Den Backofen auf 220 Grad Umluft oder 200 Grad (Ober-/Unterhitze) vorheizen. Die Auberginen waschen, trocken tupfen, putzen und in fingerdicke Scheiben schneiden. Auf ein mit Backpapier belegtes Blech legen und im Backofen von beiden Seiten 5-7 Minuten grillen. Wenn sie Farbe annehmen, sind die Auberginen gar. Den Ofen nicht ausschalten.\r\n\r\nInzwischen Zwiebel und Knoblauch schälen, die Zwiebel in Ringe, den Knoblauch in feine Würfel schneiden (bei Gastritis Zwiebeln und Knoblauch weglassen). Das Basilikum waschen und trocken schütteln, die Blätter abzupfen und in feine Streifen schneiden. Das Öl vorsichtig in einer Pfanne erhitzen und Zwiebelringe und Knoblauch darin andünsten. Die geschälten Tomaten dazugeben, alles mit Salz, Pfeffer, Oregano und Basilikum würzen und offen bei schwacher Hitze 8-10 Minuten einkochen.\r\n\r\nDen Mozzarella in dünne Scheiben schneiden (bei Reflux/Sodbrennen ggf. fettreduzierten Mozzarella nehmen). Eine Auflaufform dünn mit Öl einpinseln, 2 EL Tomatensoße hineingeben, mit einer Schicht Auberginenscheiben bedecken. Darauf in dieser Reihenfolge 2-3 EL Tomatensoße, Mozzarellascheiben und 2 EL geriebenen Parmesan schichten. Das Ganze so lange weiterführen, bis alle Lebensmittel verbraucht sind. Die oberste Schicht bilden Mozzarella und Parmesan. Im vorgeheizten Backofen (Mitte) 15-20 Minuten backen.\r\n', NULL),
(35, 4, 1, 'Vegane Karottensuppe mit Orange und Ingwer', 'Karottensuppe.jpg', 30, '1 Zwiebel, \r\n3 Knoblauchzehen, \r\n600 g Karotten, \r\n1 Orange (alternativ 2 Mandarinen),\r\n50 g Ingwer,\r\n200 ml Kokosmilch, \r\n600 ml Gemüsebrühe, \r\n1 TL Salz,\r\n1/2 TL Pfeffer, \r\n1/2 TL Kurkumapulver* (optional),\r\n1/2 Bund Koriander (optional)', 'Für die Frikadellen Süßkartoffeln und Kartoffeln schälen, waschen und etwas kleiner schneiden. Kartoffeln zugedeckt in Salzwasser ca. 25 Minuten kochen. Süßkartoffeln ca. 15 Minuten mitgaren. Abgießen und ausdampfen lassen.\r\n\r\nDann mit einem Kartoffelstampfer grob zerstampfen. Abkühlen lassen.\r\n\r\nRote Zwiebel schälen und in dünne Ringe schneiden. In 1 EL heißem Öl andünsten. Petersilie waschen, trocken schütteln und fein hacken. Feta grob zerbröckeln. Zwiebelringe, Petersilie, Feta und Ei unter den Stampf rühren.\r\n\r\nAus der Masse ca. 8 flache Frikadellen formen.\r\n\r\nFür den Spinat Zwiebel und Knoblauch schälen. Zwiebel fein würfeln, Knoblauch fein ­hacken. 1 EL Öl im Topf erhitzen, Zwiebel und Knoblauch darin andünsten. Gefrorenen Spinat zufügen, 6–7 EL Wasser angießen, auf­kochen und zugedeckt ca. 15 Minuten köcheln.\r\n\r\nMehl auf einem Teller verteilen, die Frikadellen darin wenden. 4 EL Öl in einer großen Pfanne erhitzen. Frikadellen darin von jeder Seite 4–5 Minuten goldbraun braten. Crème fraîche in den Spinat rühren, mit Salz, Pfeffer und Muskat abschmecken.\r\n\r\nFrikadellen mit Spinat anrichten.', NULL),
(36, 9, 0, 'Lachs mit Spinat in Blätterteig, leichte Hollondai', NULL, NULL, NULL, NULL, NULL),
(37, 9, 0, 'Pastinakensuppe', NULL, NULL, NULL, NULL, NULL),
(38, 9, 0, 'Burritos', NULL, NULL, NULL, NULL, NULL),
(39, 9, 0, 'Kartoffeln und Senfeier', NULL, NULL, NULL, NULL, NULL),
(40, 9, 0, 'Ceasar-Salad', NULL, NULL, NULL, NULL, NULL),
(41, 9, 0, 'Indisch', NULL, NULL, NULL, NULL, NULL),
(42, 9, 0, 'Orzo-Nudel-Risotto', NULL, NULL, 'Pilze, Zwiebel, Knofi, Kirschtomaten, Babyspinat, Tomatenmakr, Thymian, Mozarella, Basilikum, Hartkäse, Rauchiges Gewürz, Orzo-Nudlen', NULL, 1),
(43, 10, 0, 'Pizza mit Lachs/Thunfisch', NULL, NULL, NULL, NULL, NULL),
(44, 10, 0, 'Grießnockerlsuppe mit Erbsen, Staudensellerie und ', NULL, NULL, NULL, NULL, NULL),
(45, 10, 0, 'Kartoffeln, Porreegemüse, veg. Bratwurst', NULL, NULL, NULL, NULL, NULL),
(46, 10, 0, 'Gefüllte Paprika (Couscous, Feta)', NULL, NULL, NULL, NULL, NULL),
(47, 10, 0, 'Polenta mit Ei & Hirtenkäse (aus Romänien)', NULL, NULL, NULL, NULL, NULL),
(48, 10, 0, 'Quiche mit Rosenkohl und Gorgonzola', NULL, NULL, NULL, NULL, NULL),
(49, 10, 0, 'Halloumi-Burger mit Gemüsesticks', 'halloumi-burger-mit-rote-bete-sticks.jpg', 25, '2 Stück frische Rote Bete,\r\nHalloumi 200 g,\r\nHimbeertomate 1 Stück,\r\nrote Zwiebel 1 Stück,\r\nDunkle Burger-Brötchen 2 Stück,\r\nmittelscharfer Senf 20 ml,\r\nSauerrahm 100 g,\r\nSalatherz (Romana) 1 Stück,\r\nKarotte 2 Stück\r\n', '1 Wasche Obst, Gemüse und Kräuter ab. Heize den Backofen auf 200 °C Ober-/Unterhitze (180 °C Umluft) vor. Zum Kochen benötigst Du außerdem Backpapier, ein Backblech, 1 große Pfanne und 2 kleine Schüsseln.\r\nRote Bete und Karotten schälen und in 1 – 2 cm dicke Sticks schneiden. Gemüsesticks auf ein mit Backpapier belegtes Backblech legen (etwas Platz für die Brötchen lassen), mit 1 EL [2 EL] Olivenöl beträufeln und mit Salz würzen. Auf der mittleren Schiene im Backofen ca. 25 Min. backen, bis das Gemüse weich ist.\r\n\r\n2 Halloumi in 2 cm dicke Scheiben schneiden. Himbeertomate halbieren, Strunk entfernen und Tomatenhälften in Scheiben schneiden. Zwiebel abziehen und in feine Ringe schneiden. Blätter vom Salat zupfen.\r\n\r\n3 BURGERBRÖTCHEN AUFBACKEN\r\nBurgerbrötchen für 3 – 5 Min. zu den Gemüsesticks in den Backofen legen und aufbacken.\r\n\r\n4 halloumi braten\r\nIn einer großen Pfanne ½ EL [1 EL] Öl bei mittlerer Stufe erhitzen und Halloumischeiben darin ca. 5 Min. goldbraun anbraten. Nach 2 Min. Zwiebelringe dazugeben und mitbraten. Mit Salz und Pfeffer würzen, dabei mit dem Salz sparsam sein.\r\n\r\n5 Dressing & Dip zubereiten\r\nIn einer kleinen Schüssel Senf und 1 EL [2 EL] Honig zu einem Dressing verrühren.\r\n\r\nFür den Dip: Sauerrahm mit Salz und Pfeffer in einer kleinen Schüssel glatt rühren.\r\n\r\n6 BURGER belegen\r\nBrötchen aufschneiden, etwas Dressing auf die Brötchenhälften geben. Mit Salatblättern, Tomatenscheiben, Zwiebelringen und Halloumischeiben belegen und zusammenklappen. Dazu Gemüsesticks mit Saurerrahmdip genießen.', 1),
(50, 11, 0, 'Lachs, Zucchini, Paprika, Sahne, Kartoffeln', NULL, NULL, NULL, NULL, NULL),
(51, 11, 0, 'Gnocci mit Spinat Gorgonzola\r\n', NULL, NULL, NULL, NULL, NULL),
(52, 11, 0, 'Tomatensuppe mit Apfel und Baguette', NULL, NULL, NULL, NULL, NULL),
(53, 11, 0, 'Mac&Cheese', NULL, NULL, NULL, NULL, NULL),
(54, 11, 3, 'Knuspriger Flammkuchen mit Porreegemüse', 'knuspriger-flammkuchen-mit-porreegemuse.jpg', 30, 'Porree 1 Stück,\r\nRosmarin 20 g,\r\nFlammkuchenteig 1 Stück,\r\nCrème fraîche 150 g,\r\ngeriebener Mozzarella 100 g,\r\nRucola 50 g,\r\nApfel 1 Stück,\r\nKürbiskerne 20 g,\r\nPetersilie 20 g,\r\nBalsamico-Essig 6 ml,\r\nmittelscharfer Senf 20 ml,\r\n\r\nButter* ½ Esslöffel,\r\nOlivenöl* 2 Esslöffel,\r\nSalz*,\r\nPfeffer*,\r\nHonig* ½ Teelöffel,\r\nÖl* ½ Esslöffel', 'Wasche Obst, Gemüse und Kräuter ab. Heize den Backofen auf 220 °C Ober-/Unterhitze (200 °C Umluft) vor. Zum Kochen benötigst Du außerdem 1 große Schüssel, 1 kleine Pfanne, 1 große Pfanne und ein Backblech.\r\nPorree der Länge nach halbieren und den weißen und hellgrünen Teil in feine Streifen schneiden. Rosmarinnadeln abzupfen und fein hacken. In einer großen Pfanne Butter* und Öl* bei mittlerer Stufe erwärmen. Porreeringe und gehackten Rosmarin darin 5 – 8 Min. bei schwacher Hitze weich garen.\r\n\r\nFlammkuchenteig auf einem Backblech ausrollen und gleichmäßig mit Crème fraîche bestreichen, dabei am Rand ca. 1 cm frei lassen. Porree-Rosmarin-Mischung darauf verteilen, mit Mozzarella bestreuen und ein wenig mit Salz* und Pfeffer* würzen. Flammkuchen auf der mittleren Schiene im Backofen 13 – 15 Min. knusprig backen.\r\n\r\nApfel vierteln, Kerngehäuse entfernen und Apfelviertel in kleine Stücke schneiden.\r\n\r\nIn einer kleinen Pfanne Kürbiskerne ohne Fettzugabe anrösten, bis sie fein duften. Dann herausnehmen und kurz abkühlen lassen. Petersilie mitsamt den Stielen hacken.\r\n\r\nIn einer großen Schüssel Olivenöl*, Senf, Weißweinessig und Honig* mit etwas Salz* und Pfeffer* zu einem Dressing verrühren. Rucola, Apfelstücke und Kürbiskerne zugeben und vorsichtig unterheben.\r\n\r\nFlammkuchen nach der Garzeit aus dem Backofen nehmen, in Stücke schneiden und auf Teller verteilen. Mit Petersilie garnieren und zusammen mit dem Apfel-Rucola-Salat genießen.', 1),
(55, 11, 0, 'Sobanudeln mit Limette-Erdnussdressing', 'sobanudeln-mit-limette-erdnussdressing.jpg', 40, '225 g	Nudeln, (Soba), optional eine andere Nudelsorte\r\nPak Choi, oder Wirsing oder Mangold 2,\r\nGurke 1,\r\nLimette 1,\r\nFrühlingszwiebel 2,\r\nKnoblauchzehe 1,\r\nMinze 1 Bund.\r\nErdnüsse 50 g,\r\nSojasauce 6 EL,\r\nErdnussbutter 30 g,\r\nHonig 20 g,\r\nChilischote, getrocknet 1,\r\nPflanzenöl 1 EL', 'Die Schale der Limette abreiben, die Limette auspressen. Die Erdnüsse fein hacken. Den Knoblauch fein würfeln.\r\n\r\nDie Sojasoße mit Erdnussbutter, der Hälfte der Erdnüsse, der abgeriebenen Limettenschale, dem Saft der ausgepressten Limette, Honig, Knoblauch, Chili und Öl in ein hohes Gefäß geben und mit einem Mixstab fein pürieren. Mit Salz und Pfeffer nach Geschmack würzen.\r\n\r\nPak Choi waschen, vom Strunk befreien und in mundgerechte Stücke schneiden. Die Frühlingszwiebeln in feine Ringe schneiden. Minzblätter fein hacken. Die Gurke längs vierteln und in 5 mm breite Stücke schneiden.\r\n\r\nDie Nudeln nach Packungsanweisung garen. Anschließend den Pak Choi in den Topf geben und alles zusammen eine Minute im Wasser ziehen lassen. Die Sobanudeln mit Pak Choi abgießen und im zuvor verwendeten Topf mit dem Erdnussdressing vermengen. Frühlingszwiebeln, Gurke, restliche Erdnüsse und Minze ebenfalls in den Topf geben und verrühren.\r\n', 1),
(56, 12, 0, 'Lachs, Kartoffelbrei, Brokkoli', NULL, NULL, NULL, NULL, NULL),
(57, 12, 0, 'Kürbissuppe', NULL, NULL, NULL, NULL, NULL),
(58, 12, 0, 'Risotto mit Pilzen + Erbsen', NULL, NULL, NULL, NULL, NULL),
(59, 12, 0, 'Pasta Spinat Gorgonzola', NULL, NULL, NULL, NULL, NULL),
(60, 12, 0, 'Kartoffelpuffer Apfelmus', NULL, NULL, NULL, NULL, NULL),
(61, 12, 3, 'Feldsalat, Rote Beete, Belugalinsen, Frühlingszwi', '', NULL, 'Feldsalat, Rote Beete, Belugalinsen, Frühlingszwiebeln', 'klein schneiden und mischen.', NULL),
(62, 13, 0, 'Vegetarische Burger mit Pulled Mushrooms', 'vegetarische-burger-mit-pulled-mushrooms.jpg', 30, 'Burgerbrötchen 2 Stück,\r\nKräuterseitling 200 g,\r\nRotkohl 200 g,\r\nlila Karotte 1 Stück,\r\nBBQ-Soße 20 ml,\r\nTomate 1 Stück,\r\nSojasoße 20 ml,\r\nZwiebel 1 Stück,\r\nmittelscharfer Senf 10 ml,\r\nCheddar (Scheiben) 40 g\r\nJoghurt 100 g,\r\nOlivenöl*, Zucker*, Essig*, Salz*, Pfeffer*', 'Wasche das Gemüse ab. Zum Kochen benötigst Du eine Gemüsereibe, 1 große Pfanne, 2 große Schüssel und Küchenpapier.\r\nLila Karotte schälen und grob reiben.\r\nIn einer großen Schüssel geraspelte Karotte mit Rotkohl, Joghurt, Weißweinessig*, Salz*, Pfeffer* und die Hälfte vom mittelscharfen Senf vermischen.\r\n\r\nKräuterseitlinge längs halbieren und Stiel mit einer Gabel zupfen.\r\nPilzkopf in feine Streifen schneiden.\r\nRote Zwiebel abziehen, halbieren und in feine Streifen schneiden.\r\nTomate in Scheiben schneiden.\r\n\r\nIn einer großen Pfanne Öl* bei hoher Hitze erwärmen und alle Pilzstücke darin 4 – 5 Min. anbraten.\r\nAnschließend Zwiebelstreifen dazugeben und weitere 4 – 5 Min. anbraten.\r\nHitze reduzieren, mit Sojasoße ablöschen, restlichen Senf und die Hälfte der BBQ-Sauce unterrühren.\r\nMit Salz* und Pfeffer* abschmecken.\r\nPulled Mushrooms in eine große Schüssel umfüllen und warm halten.\r\n\r\nBriochebrötchen aufschneiden.\r\nGroße Pfanne mit Küchenpapier auswischen und Brötchenhälften mit der Schnittfläche nach unten 1 – 2 Min. toasten.\r\n\r\nRestliche BBQ-Sauce auf Brötchenhälften verteilen.\r\nMit Pulled Mushrooms, Cheddarscheiben und Tomatenscheiben gelegen.\r\nZum Schluss mit etwas Coleslaw toppen und zusammenklappen.\r\n\r\nBurger auf Teller verteilen und zusammen mit restlichem Coleslaw genießen.', 1);
INSERT INTO `gericht` (`gid`, `datum_id`, `monat_id`, `gericht_name`, `bild`, `zubereitungszeit`, `zutaten`, `beschreibung`, `freigabe`) VALUES
(63, 13, 0, 'Cremige Spätzlepfanne', 'cremige-spaetzlepfanne.jpg', 30, 'Babyspinat 100 g,\r\nEierspätzle 400 g,\r\nKochsahne 200 ml,\r\nbraune Champignons 100 g,\r\nGemüsebrühe 2 g,\r\nZwiebel 1 Stück,\r\nTomate 1 Stück,\r\nPinienkerne 10 g,\r\nrote Chilischote 1 Stück,\r\nKnoblauchzehe 1 Stück,\r\nGewürzmischung \"Smoky BBQ\" 1 g,\r\nOlivenöl* 2 Esslöffel\r\nSalz*\r\nPfeffer*', 'Wasch das Gemüse ab. Zum Kochen benötigst Du 1 große Pfanne und 1 große Schüssel.\r\nChampignons in Scheiben schneiden.\r\nZwiebel abziehen und fein würfeln.\r\nKnoblauch abziehen und fein hacken.\r\nTomate halbieren, Strunk entfernen und Tomatenhälften grob würfeln.\r\nChili längs halbieren, entkernen und Chilihälften fein hacken.\r\n\r\nIn einer großen Pfanne ohne Zugabe von Fett Pinienkerne bei mittlerer Hitze 3 – 5 Min. anrösten, bis sie duften.\r\nDann Pinienkerne aus der Pfanne nehmen, abkühlen lassen.\r\n\r\nIn derselben Pfanne 1 EL [1.5 EL | 2 EL] Öl* erhitzen und Spätzle darin ca. 5 Min. knusprig anbraten.\r\nAnschließend Spätzle in eine große Schüssel umfüllen und kurz beiseitestellen.\r\nErneut 1 EL [1.5 EL | 2 EL] Öl* in der Pfanne erhitzen und Champignonscheiben, Knoblauch-, Zwiebel- und Chiliwürfel (Achtung: scharf!) für ca. 5 Min. anbraten.\r\n\r\nPfannengemüse mit der Sahne ablöschen, Gemüsebrühe einrühren und alles für ca. 2 Min. reduzieren lassen, bis die Sahne leicht andickt.\r\n\r\nSpätzle, Tomatenwürfel, Gewürzmischung und Babyspinat zugeben und alles einmal gut durchschwenken.\r\n\r\nSpinat-Spätzle-Pfanne auf tiefen Tellern anrichten, Pinienkerne darüberstreuen und genießen.', 1),
(64, 13, 0, 'Buntes Ofengemüse mit Halloumi', 'buntes-ofengemuse-mit-halloumi.jpg', 30, 'Süßkartoffel1 Stück,\r\nrote Zwiebel 1 Stück,\r\nTomate 1 Stück,\r\nPetersilie 10 g,\r\nKnoblauchzehe ½ Stück,\r\nZitrone ½ Stück,\r\nAvocado 1 Stück,\r\ngemahlener Kumin 1 g,\r\nHalloumi 250 g,\r\nChilischote 1 Stück,\r\nOlivenöl* 2 Esslöffel\r\nSalz*\r\nPfeffer*', 'Heize den Backofen auf 220 °C Ober-/Unterhitze (200 °C Umluft) vor. Süßkartoffel schälen und in 2 cm große Würfel schneiden. Rote Zwiebel abziehen, halbieren und in ca. 1 cm breite Spalten schneiden.\r\n\r\nSüßkartoffelwürfel und Zwiebelspalten auf einem mit Backpapier belegten Backblech verteilen und mit Salz* und Pfeffer* würzen. Auf der mittleren Schiene im Backofen für ca. 25 Min. backen, bis die Süßkartoffelwürfel weich sind.\r\n\r\nTomaten halbieren, Strunk entfernen, Tomatenhälften in Spalten schneiden und in eine große Schüssel geben. Blätter der Petersilie abzupfen und fein hacken. Avocado halbieren, Kern entfernen, Fruchtfleisch herauslösen und in kleine Würfel schneiden. ½ EL [¾ EL I 1 EL] gehackte Petersilie und Avocadowürfel zu den Tomaten geben und beiseitestellen.\r\n\r\nKnoblauch abziehen und fein hacken. Chili halbieren, entkernen und Chilihälften fein hacken. Petersilie in eine kleine Schüssel mit Kumin, gehacktem Knoblauch und Chili (Achtung: scharf!) geben. Zitrone halbieren. 1 EL [11/2 EL | 2 EL] Saft und 1 EL [11/2 EL | 2 EL] Olivenöl* zugeben und vermischen. Mit Salz und Pfeffer abschmecken.\r\n\r\nHalloumi in ca. 3 cm große Würfel schneiden. In einer großen Pfanne 1 EL [1½ EL I 2 EL] Öl* auf mittlerer Stufe erhitzen und Halloumiwürfel rundherum 3 – 4 Min. goldbraun braten.\r\n\r\nSüßkartoffelwürfel und Zwiebelspalten in die große Schüssel geben und vorsichtig vermengen. Auf Teller aufteilen, mit Halloumiwürfeln toppen und Petersilien-Chimichurri darüberträufeln.', 1),
(65, 13, 0, 'Tabbouleh mit würzigem Halloumi', 'tabouleh-mit-wurzigem-halloumi.jpg', 30, 'Bulgur 150 g,\r\nMinze 10 g,\r\nPetersilie 10 g,\r\nJoghurt 150 g,\r\nTomate 3 Stück,\r\nFrühlingszwiebel 2 Stück,\r\nZitrone ½ Stück,\r\nHalloumi 250 g,\r\nGewürzmischung „Harissa“ 4 g,\r\nSalz*\r\nPfeffer*\r\nOlivenöl*', 'Wasche Gemüse und Kräuter ab. Erhitze 350 ml [700 ml] Wasser im Wasserkocher. Zum Kochen benötigst Du 1 kleinen Topf (mit Deckel), 1 große Schüssel, 2 kleine Schüsseln und 1 große Pfanne. Entdecke das Tabbouleh mit Halloumi.\r\nIn einen kleinen Topf 350 ml [700 ml] heißes Wasser geben, salzen und nochmals aufkochen lassen. Bulgur einrühren, Deckel aufsetzen und Hitze reduzieren. 25 Min. köcheln lassen, bis das Wasser komplett aufgesogen wurde.\r\n\r\nMinzblätter abzupfen und fein hacken. Zusammen mit dem Joghurt und etwas Salz und Pfeffer in einer kleinen Schüssel verrühren und kaltstellen.\r\n\r\nTomaten halbieren, Strunk entfernen und Tomatenhälften in 0,5 cm große Würfel schneiden. Frühlingszwiebeln in dünne Ringe schneiden. Petersilienblätter abzupfen und fein hacken. Tomatenwürfel und Frühlingszwiebelringe in einer großen Schüssel vermischen. Nach Geschmack Zitrone dazupressen. 1½ EL [3 EL] Olivenöl, Salz und Pfeffer zugeben, alles mischen und beiseitestellen.\r\n\r\nHalloumi in Scheiben schneiden. In einer kleinen Schüssel 1 TL [1 EL] Olivenöl mit der Gewürzmischung vermischen. Halloumi darin marinieren.\r\n\r\nEine große Pfanne auf mittlerer Stufe erhitzen und Halloumischeiben darin ohne zusätzliches Fett von jeder Seite 2 – 3 Min. anbraten, bis sie goldbraun sind.\r\n\r\nBulgur zu den Tomatenwürfeln in die große Schüssel geben, alles gut vermischen, mit Salz und Pfeffer abschmecken. Tabbouleh auf Teller verteilen, Halloumischeiben dazu anrichten und mit Minz-Joghurt genießen.', 1),
(66, 13, 0, 'Gefüllte Ofenpaprika mit Cheddar, Couscous', 'gefuellte-ofenpaprika.jpg', 40, 'rote Paprika 2 Stück,\r\nCouscous 150 g,\r\nbraune Champignons 150 g,\r\nZwiebel 1 Stück,\r\nThymian 6 g,\r\nSchnittlauch 6 g,\r\nPetersilie 6 g,\r\nCheddar (Scheiben) 100 g,\r\nSalatherz (Romana) 2 Stück,\r\nPinienkerne 10 g,\r\nJoghurt 150 g,\r\n(Oliven-)Öl*,\r\nSalz*,\r\nPfeffer*,\r\nGemüsebrühe*,\r\nZucker*,\r\nEssig*,\r\nButter*', 'Wasche das Gemüse und die Kräuter ab und tupfe die Kräuter mit Küchenpapier trocken. Heize den Backofen auf 220 °C Ober-/Unterhitze (200 °C Umluft) vor. Neben dem Thermomix® benötigst Du 1 große Schüssel, eine Auflaufform, 2 kleine Schüsseln und 1 kleine Pfanne.\r\nRote Paprika halbieren, Kerngehäuse entfernen und mit der Öffnung nach unten in den Varoma-Behälter legen, dabei darauf achten, dass genügend Garschlitze freibleiben, Varoma verschließen. 450 g [700 g] Wasser und 1 TL [2TL] Gemüsebrühpaste in den Mixtopf geben, Varoma aufsetzen und 16 Min./Varoma/Stufe 1 vorgaren. Couscous, ½ EL [1 EL] Olivenöl, 1 TL [2 TL] Butter und etwas Salz und Pfeffer in eine große Schüssel geben.\r\n\r\nChampignons je nach Größe vierteln oder achteln. Zwiebel abziehen und halbieren. Blätter vom Thymian abzupfen. Petersilie mit Stielen in ca. 3 cm lange Stücke schneiden. Nach der Vorgarzeit: Varoma abnehmen und beiseitestellen. 300 g [600 g] heißes Wasser aus dem Mixtopf in die Schüssel zum Couscous geben, einmal umrühren, abdecken und 10 Min. quellen lassen. Mixtopf spülen und trocknen.\r\n\r\nPetersilienstücke in den Mixtopf geben, 3 Sek./Stufe 8 zerkleinern und in eine kleine Schüssel umfüllen. Zwiebelhälften und Thymianblätter in den Mixtopf geben, 5 Sek./Stufe 5 zerkleinern und mit dem Spatel nach unten schieben. 10 g [20 g] Öl zugeben und 3 Min./120 °C/Stufe 1 dünsten. Champignonstücke, Salz, Pfeffer und 1 Prise Zucker zufügen, 4 Min. [5 Min.]/100 °C/(/Stufe 1 dünsten.\r\n\r\nCouscous mit einer Gabel ein wenig auflockern. Champignons-Thymian-Mischung und einen Großteil des Cheddar zum Couscous zugeben und vermischen. Varoma öffnen, Paprikahälften in eine Auflaufform setzen und mit der Couscousmischung füllen. Restlichen Cheddar darüber streuen und restlichen Couscous drumherum verteilen. Im Backofen 5 – 10 Min. überbacken. Große Schüssel spülen.\r\n\r\nSchnittlauch in feine Röllchen schneiden. Blätter vom Salatherz lösen und grob zerkleinern. In der großen Schüssel 2 ½ EL [5 EL] Olivenöl, 1 EL [2 EL] Essig, Salz, Pfeffer und 1 [2] Prise Zucker zu einem Dressing verrühren. Salatblätter und Schnittlauch mit Dressing vermischen.\r\n\r\nIn einer kleinen Pfanne ohne Fettzugabe Pinienkerne rösten, bis sie fein duften. In einer kleinen Schüssel Joghurt mit etwas Salz und Pfeffer verrühren. Gefüllte Ofenpaprika und Salat auf Teller verteilen. Beides mit Pinienkernen und Petersilie bestreuen. Dann zusammen mit ein wenig Joghurtsoße genießen.', 1),
(67, 13, 0, 'Veggie-Döner: Ofengemüse im Fladenbrot', 'Veggie-Doener-Ofengemuese-im-fladenbrot.jpg', 30, 'Fladenbrot 1 Stück,\r\nSalatmischung 50 g,\r\nJoghurt 150 g,\r\nPetersilie 5 g,\r\nKnoblauchzehe,\r\nHirtenkäse 150 g,\r\nTomaten 1 Stück,\r\nGurke 1 Stück,\r\nrote Spitzpeperoni 1 Stück,\r\nZucchetti 1 Stück,\r\nrote Zwiebel 1 Stück,\r\nTomatenmark 1 Esslöffel,\r\nSalz*, Pfeffer*', 'Wasche Gemüse und Kräuter ab. Zum Kochen benötigst Du 1 Knoblauchpresse, 2 kleine Schüsseln, 1 Auflaufform und 1 Backblech mit Backpapier.\r\nHeize den Backofen auf 220 °C Ober-/Unterhitze (200 °C Umluft) vor.\r\nEnden der Zucchetti entfernen, Zucchetti in ca. 1,5 cm grosse Stücke schneiden.\r\nRote Zwiebel abziehen und achteln.\r\nSpitzpeperoni halbieren, Kerngehäuse entfernen und Peperonihälften in mundgerechte Stücke schneiden.\r\nGemüse in eine Auflaufform geben, die Hälfte des Hirtenkäses darüberstreuen und mit Salz* und Pfeffer* würzen. Gemüse im Backofen ca. 20 Min. garen, bis es weich ist.\r\n\r\nKnoblauch abziehen und die Hälfte in eine kleine Schüssel pressen.\r\nPetersilie fein hacken.\r\nGehackte Kräuter mit der Hälfte des Joghurts in der Schüssel zu einem Dip glattrühren. Mit Salz* und Pfeffer* abschmecken.\r\n\r\nDen restlichen Hirtenkäse in einer weiteren kleinen Schüssel mit einer Gabel zerdrücken. Restlichen Knoblauch dazupressen und 1 EL [2 EL] Tomatenmark zugeben und vermengen. Mit dem restlichen Joghurt zu einer glatten Creme verrühren. Mit Pfeffer* und Salz* abschmecken.\r\n\r\nStrunk der Tomate entfernen und Tomate in dünne Scheiben schneiden.\r\nEnden der Gurke entfernen und Gurke ebenfalls in dünne Scheiben schneiden.\r\n\r\nIn den letzten 10 Min. der Garzeit des Ofengemüses Fladenbrot auf ein mit Backpapier belegtes Backblech legen und im Backofen aufwärmen.\r\n\r\nFladenbrot vierteln, aufschneiden, nach Belieben mit der Tomaten-Hirtenkäse-Creme und dem Joghurtdip bestreichen. Mit Salat, Tomaten- und Gurkenscheiben belegen und zum Schluss das Ofengemüse dazugeben.', 1),
(68, 37, 9, 'blöd', '', 34, 'blöde sachen', 'ganz blöd', NULL);

-- --------------------------------------------------------

--
-- Tabellenstruktur für Tabelle `monat`
--

CREATE TABLE `monat` (
  `m_id` int(50) UNSIGNED NOT NULL,
  `monat` varchar(50) NOT NULL
) ENGINE=InnoDB DEFAULT CHARSET=utf8mb4;

--
-- Daten für Tabelle `monat`
--

INSERT INTO `monat` (`m_id`, `monat`) VALUES
(1, 'Januar'),
(2, 'Februar'),
(3, 'März'),
(4, 'April'),
(5, 'Mai'),
(6, 'Juni'),
(7, 'Juli'),
(8, 'August'),
(9, 'September'),
(10, 'Oktober'),
(11, 'November'),
(12, 'December');

-- --------------------------------------------------------

--
-- Struktur des Views `alle_gerichte`
--
DROP TABLE IF EXISTS `alle_gerichte`;

CREATE ALGORITHM=UNDEFINED DEFINER=`root`@`localhost` SQL SECURITY DEFINER VIEW `alle_gerichte`  AS  select `m`.`m_id` AS `m_id`,`m`.`monat` AS `Monat`,`d`.`d_id` AS `d_id`,`d`.`datum` AS `Woche`,`g`.`gid` AS `gid`,`g`.`gericht_name` AS `Gericht`,`g`.`bild` AS `bild`,`g`.`zubereitungszeit` AS `zubereitungszeit`,`g`.`zutaten` AS `zutaten`,`g`.`beschreibung` AS `beschreibung` from ((`monat` `m` join `datum` `d` on((`m`.`m_id` = `d`.`monat_id`))) left join `gericht` `g` on((`d`.`d_id` = `g`.`datum_id`))) group by `g`.`gid` ;

--
-- Indizes der exportierten Tabellen
--

--
-- Indizes für die Tabelle `datum`
--
ALTER TABLE `datum`
  ADD PRIMARY KEY (`d_id`),
  ADD KEY `monat_id` (`monat_id`);

--
-- Indizes für die Tabelle `gericht`
--
ALTER TABLE `gericht`
  ADD PRIMARY KEY (`gid`),
  ADD KEY `datum_id` (`datum_id`),
  ADD KEY `monat_id` (`monat_id`);

--
-- Indizes für die Tabelle `monat`
--
ALTER TABLE `monat`
  ADD PRIMARY KEY (`m_id`);

--
-- AUTO_INCREMENT für exportierte Tabellen
--

--
-- AUTO_INCREMENT für Tabelle `datum`
--
ALTER TABLE `datum`
  MODIFY `d_id` int(10) UNSIGNED NOT NULL AUTO_INCREMENT, AUTO_INCREMENT=54;

--
-- AUTO_INCREMENT für Tabelle `gericht`
--
ALTER TABLE `gericht`
  MODIFY `gid` int(11) UNSIGNED NOT NULL AUTO_INCREMENT, AUTO_INCREMENT=69;

--
-- AUTO_INCREMENT für Tabelle `monat`
--
ALTER TABLE `monat`
  MODIFY `m_id` int(50) UNSIGNED NOT NULL AUTO_INCREMENT, AUTO_INCREMENT=13;

--
-- Constraints der exportierten Tabellen
--

--
-- Constraints der Tabelle `datum`
--
ALTER TABLE `datum`
  ADD CONSTRAINT `FK_datum_monat` FOREIGN KEY (`monat_id`) REFERENCES `monat` (`m_id`);

--
-- Constraints der Tabelle `gericht`
--
ALTER TABLE `gericht`
  ADD CONSTRAINT `FK_gericht_datum` FOREIGN KEY (`datum_id`) REFERENCES `datum` (`d_id`);

/*!40101 SET CHARACTER_SET_CLIENT=@OLD_CHARACTER_SET_CLIENT */;
/*!40101 SET CHARACTER_SET_RESULTS=@OLD_CHARACTER_SET_RESULTS */;
/*!40101 SET COLLATION_CONNECTION=@OLD_COLLATION_CONNECTION */;
